Detailed Location,Began,Duration(Days),Year,Dead,Displaced,Damage(USD),Magnitude,Main Cause,Severity,Affected(sqkm),Longitude,Latitude,Magnitude Scale
Southwestern China; Sichuan and Guizhou provinces; megacity of Chongqing,2014-09-01,8,2014,44,121700,Unknown,5.8,Torrential Rain,1.5,55272,108.35,30.7799,Medium
"Fujian, Jiangxi, Hunan, Guangdong, Sichuan and Guangxi Zhuang regions; Guizhou",2014-08-11,9,2014,27,10000,Unknown,6.7,Torrential Rain,1.5,387775,114.164,25.4709,High
"Hainan, Guanxi Provinces, northern Viet Nam",2014-07-18,12,2014,46,100000,Unknown,6.3,Typhoon,2.0,82764,107.508,21.4955,Medium
"Southern China;  Hunan, Jiangxi provinces;  Guangxi Zhuang Autonomous Region",2014-06-05,21,2014,14,337000,Unknown,6.9,Torrential Rain,1.0,377101,112.358,26.4396,High
"Southern China, Guangdong Province",2014-05-30,12,2014,6,500,Unknown,5.7,Torrential Rain,1.0,45994,113.342,23.2652,Medium
"Hunan Province, including Guiyang, Shenzhen cities.",2014-05-12,5,2014,1,10000,Unknown,6.3,Torrential Rain,2.0,205001,111.467,27.3821,Medium
"South-eastern province of Fujian, Zhejiang, Shanghai",2013-10-08,7,2013,6,176900,Unknown,5.6,Tropical Storm,1.5,41577,120.573,29.15,Medium
"Extreme southern China; Hunan, Guangxi and neighboring Guangdong provinces",2013-08-15,7,2013,40,0,Unknown,6.0,Tropical Storm,1.5,98182,113.694,22.7696,Medium
"Northwest China,  Qinghai Province",2013-08-18,4,2013,80,0,Unknown,5.7,Torrential Rain,1.5,93531,100.184,35.9161,Medium
"NE China, including Fushun City, Liaoning Province",2013-08-07,69,2013,100,260000,Unknown,8.3,Torrential Rain,2.0,1430155,130.272,50.5323,High
"South China, Guangxi Zhuang Autonomous Region",2013-07-11,5,2013,0,8,Unknown,5.9,Torrential Rain,1.5,112220,108.355,23.0867,Medium
"Southeast China, Fujian Province",2013-07-13,3,2013,1,300000,Unknown,5.7,Tropical Storm,1.5,101850,118.14,25.8633,Medium
"Western China, Sichuan Province",2013-07-05,11,2013,200,100000,Unknown,6.8,Torrential Rain,1.5,419827,104.022,30.4563,High
"S. China, especially Guangdong Province, Guizhou province",2013-05-12,17,2013,55,10000,Unknown,6.3,Torrential Rain,1.5,84761,114.464,23.6387,Medium
Central Sichuan city of Suinin; other areas in Sichuan,2012-09-09,10,2012,7,0,Unknown,5.9,Torrential Rain,1.5,56959,107.186,30.3813,Medium
Ningxia Hui Autonomous Region,2012-08-25,5,2012,6,30,Unknown,5.5,Torrential Rain,1.5,45130,106.115,37.3916,Medium
"Southwest China's Sichuan province; Chengdu, Mianyang, Deyang cities",2012-08-14,7,2012,13,14600,Unknown,5.9,Torrential Rain,1.0,107983,103.73,31.1602,Medium
Northeast China;  Jiangsu and Shandong provinces,2012-08-03,4,2012,2,800000,Unknown,4.9,Typhoon,2.0,9559,122.594,40.5195,Medium
Flood prone areas of Yellow river in Shanxi and Shaanxi provinces,2012-07-25,6,2012,0,40000,Unknown,6.0,Torrential Rain,1.5,100600,110.85,34.7959,Medium
Beijing,2012-07-21,5,2012,77,0,Unknown,5.5,Torrential Rain,2.0,29832,117.702,42.3329,Medium
Hubei,2012-07-09,17,2012,58,140000,Unknown,6.4,Torrential Rain,1.5,92141,113.04,31.4158,High
"Inner Mongolia, Zhejiang, Fujian, Jiangxi, Hubei, Hunan, Guangdong, Guangxi, Chongqing, Sichuan and Guizhou.",2012-06-22,11,2012,50,120000,Unknown,7.6,Torrential Rain,1.5,2643786,106.943,33.4553,High
"Hunan, Gansu provinces",2012-05-08,9,2012,53,185000,Unknown,7.2,Torrential Rain,1.5,1056107,106.493,32.4515,High
Guangxi Zhuang Autonomous Region,2011-10-01,10,2011,0,132300,Unknown,5.6,Tropical Storm,1.5,24302,109.005,22.248,Medium
"Various locations: Beijing, northern Shanxi province and the Inner Mongolia Autonomous Region, northeastern Jilin and Heilongjiang provinces, eastern Jiangsu province, central Henan province, southwestern Yunnan province and northwestern Xinjiang Uygur Autonomous Region",2011-08-01,39,2011,22,50000,Unknown,7.9,Torrential Rain,1.5,1215861,109.532,37.4167,High
"S. China, Jiangsu, Anhui, Jiangxi, Hunan, Guangdong, Sichuan, Yunnan provinces and the autonomous region of Tibet",2011-07-11,12,2011,6,1600000,Unknown,7.4,Torrential Rain,1.5,1341347,108.111,27.0633,High
Northwest China's Gansu Province,2011-06-15,7,2011,0,2000,Unknown,6.1,Torrential Rain,1.5,115468,102.561,36.9861,Medium
"Zhejiang, Jiangsu, Anhui, Jiangxi, Hubei, Hunan and Guangdong provinces in central and southern China",2011-06-01,29,2011,175,1600000,Unknown,7.4,Torrential Rain,2.0,431896,114.478,27.8963,High
Hainan,2010-10-16,4,2010,0,100000,Unknown,5.2,Torrential Rain,1.5,24954,109.833,19.2123,Medium
Hainan,2010-10-04,9,2010,0,200000,Unknown,4.9,Torrential Rain,2.0,3978,110.025,18.9,Medium
"Entire communities in Gansu province's Zhouqu district,Yanji, Yanbian Korean Autonomous Prefecture in Jilin Province",2010-07-27,16,2010,65,180,Unknown,7.0,Torrential Rain,1.5,442536,99.9857,37.8435,High
"Current flooding is concentrated in Hubei, Sichuan and Shaanxi provinces. Dead and displaced entries are estimates for summer, 2010 flooding total to date",2010-07-23,12,2010,1100,300000,Unknown,7.4,Torrential Rain,2.0,1049485,111.074,31.5774,High
Hong Kong,2010-07-21,3,2010,1,15000,Unknown,4.7,Tropical Storm,1.5,10513,114.01,22.6733,Medium
"East China, Jiangxi, Anhui provinces, Yangtze River",2010-07-07,17,2010,0,10000,Unknown,6.8,Torrential Rain,1.5,235548,115.886,29.1384,High
"Chongqing, Fujian, Sichuan, Jiangxi, Hunan and Qinghai, southern China",2010-07-01,15,2010,600,2400000,Unknown,6.9,Torrential Rain,1.0,575176,113.171,28.0056,High
Villages in parts of northwest China's Qinghai Province,2010-07-06,8,2010,15,0,Unknown,6.5,Torrential Rain,1.0,396656,97.1282,39.4866,High
Southern China,2010-05-15,45,2010,379,2370000,Unknown,7.2,Torrential Rain,1.5,234212,115.483,26.4442,High
"South China, Guilin City,  Guangxi Zhuang Autonomous Region",2010-04-20,2,2010,0,0,Unknown,4.6,Torrential Rain,1.0,19903,111.13,25.1481,Medium
Sichuan,2009-08-28,5,2009,12,118000,Unknown,7.4,Torrential Rain,1.0,4814280,104.633461,28.76561,High
At least 14 villages in Lingao and Changjiang counties of Hainan,2009-08-07,4,2009,0,7250,Unknown,5.3,Torrential Rain,1.5,30538,109.773,19.1227,Medium
Southwestern Sichuan,2009-07-26,10,2009,22,0,Unknown,6.3,Torrential Rain,1.0,201114,101.18,30.859,Medium
Southern China,2009-07-01,6,2009,20,700000,Unknown,6.7,Torrential Rain,1.5,542051,112.712,25.3072,High
"Southern China, Hunan Province, Chenzhou City,Guangxi Zhuang Autonomous Region in South China, Guangdong province, some provinces along the Yangtze river.",2009-05-19,3,2009,0,0,Unknown,5.3,Torrential Rain,1.0,62468,71.2878,38.5131,Medium
"Southern  China, Hainan Island",2008-10-10,7,2008,2,50000,Unknown,5.5,Torrential Rain,1.5,29937,109.819,19.1585,Medium
Chongzuo,2008-09-26,4,2008,0,0,Unknown,4.4,Torrential Rain,1.0,6852,108.721,21.9351,Medium
"Leizhou Peninsula, Southwestern Guangdong",2008-08-08,4,2008,0,42000,Unknown,4.8,Tropical Storm,2.0,8409,113.151,22.5473,Medium
"Southwestern China, Yunan Province, Jinghong",2008-08-07,5,2008,20,0,42000000,5.3,Torrential Rain,1.5,24614,101.548,22.6193,Medium
"Eastern ChinaAnhui Province - counties: Yuexi, Jinzhai. Dabieshan mountains.Fujian Province - Cangnan area, Fuzhou, Quanzhou and Putian.Zhejiang Province - Wenzhou area.Jiangxi -  Jiujiang--Taiwan - Tainan county. Hualien, Pingtung",2008-07-28,12,2008,0,93000,356000000,7.1,Tropical Storm,2.0,533930,114.415,32.5559,High
"Southwestern China, Sichuan, Guandong and Jiangxi provinces, Shenzen City",2008-06-24,4,2008,0,0,Unknown,6.4,Tropical Storm,1.5,373961,112.304,23.5424,High
"Western Guangdong, Maoming, Guangxi Zhuang region, Sansui city, Pearl River delta",2008-06-07,16,2008,176,1600000,2000000000,7.0,Torrential Rain,2.0,350563,91.5452,25.1835,High
"Southern China: Guiyang, Anshun, 15 other cities, Ghuizhou, Hubei, Guangxi, Hunan, Jiangxi, Guangdong, Sichuan, Chongquing, Shaanxi provinces",2008-05-27,10,2008,64,5000,Unknown,6.2,Torrential Rain,1.0,144704,105.815,26.6159,Medium
"Hubei Province - Dangyang, Shayang, Wuhan. Xiaogan and Yunmeng",2008-05-02,4,2008,3,351,Unknown,5.2,Torrential Rain,1.0,43958,113.026,30.8658,Medium
"Anhui - northern areas - Suzhou, Bengbu and Fuyang. Suzhou City. Sixian and Lingbi counties.",2008-04-20,4,2008,0,0,Unknown,4.9,Torrential Rain,1.0,20737,116.476,33.4521,Medium
"Ningxia Hui, Inner Mongolia - Duguitala, Hangjin Banner, Ordos city. Kubuqi desert. Hetao area, Wuliangsu Lake. Erdos, Bayan Nur.",2008-03-03,30,2008,0,13700,Unknown,6.5,Ice jam/break-up,1.5,64010,106.735,39.4142,High
"Xinjiang - Ili valley, Kazakh Prefecture",2008-02-01,25,2008,0,8000,Unknown,5.6,Ice jam/break-up,1.0,17161,81.8763,43.7745,Medium
Shaanxi Province - Ankang city area,2007-08-31,3,2007,7,0,Unknown,4.1,Torrential Rain,1.0,4380,108.872,32.7825,Medium
"Sichuan - Yibin city, Xinshi Town. Pingshan countyYunnan - Zhaotong area.",2007-08-22,6,2007,17,2309,Unknown,5.3,Torrential Rain,1.0,32590,104.066,27.719,Medium
Shandong Province - eastern and southern parts,2007-08-09,4,2007,26,70000,Unknown,5.6,Torrential Rain,1.0,100076,118.719,36.3693,Medium
"Yunnan Province - Tengchong, Pu'er and Dehong, Yingjiang. Lincang city. Fuyuan County. Yun County. Yuanjiang",2007-07-18,27,2007,170,10000,40000000,6.6,Torrential Rain,1.0,165133,100.164,24.0984,High
"Shandong Province - Jinan, Qingdao, Yantai and Zibo",2007-07-18,5,2007,40,112600,15300000,5.7,Torrential Rain,1.0,96491,119.228,36.6842,Medium
"Xinjiang Uygur Region - Urumqi. Kanas, Burqin County. Luntai county. Changji Hui. Bayingolin. Ruoqiang. Huocheng. Hami Prefecture",2007-07-14,21,2007,29,38500,80000000,7.2,Torrential Rain,1.0,812726,88.212,43.0901,High
"Guangdong - Meizhou area, Liuhuang. Huangjin, Guangzhou, Shenzhen. Zhanjiang, Maoming and Meizhou.Sichuan - Dazhu, Daxian and Mabian counties. Dazhou city. Bazhong, Guang'an. Quxian County. Daxian County, Qujiang. GuanganHubei - Badong County of Enshi Prefecture. Qingtaiping. Yichang City. Enshi Tujia and Miao Autonomous Prefecture. Huangang. Wuhan. Jingshan county. Huangpo. Yunxi County.Chongqing municipality - Yubei, Jiangjin and Yongchuan districtsHenan - Wangjiaba, Mengwa area. Laowangpo. Lushi countyAnhui - Huangshan. Wangjiaba, Qiujiahu, Jiangtanghu. Linquan County. Dabieshan mountain. Fuyang. Qianmiao in Fengtai. Huanyuanhu. Linhuaiguan in Fengyang. Linbei.Hunan - Dongting Lake area. Yiyang, Yuanjiang, Junshan and Huarong. Xiangxi Tujia and Miao. Shaanxi - Hanzhong. Shangluo city, Danfeng county. Yuncheng. AnkangJiangsu - NanjingGuizhou - Yuping, Xifeng, Yinjiang. Guiyangother provinces:  Guangxi, Fujian, Jiangxi.",2007-06-06,73,2007,600,3170000,4250000000,8.3,Torrential Rain,1.5,1916283,112.355,26.2928,High
Jiangxi Province,2007-06-01,6,2007,0,8000,13000000,6.0,Torrential Rain,1.0,168579,116.143,27.1976,Medium
"Sichuan province - Ganzi or Garze (Heba), Liangshan (Huidong), Chongqing city, Pengshui, Shimian",2007-05-24,3,2007,43,112000,73500000,5.1,Torrential Rain,1.0,43534,107.778,30.2821,Medium
"Guizhou Province - Nayong County - Dongdi, Jieshang, Saluo",2007-05-20,2,2007,3,0,Unknown,3.8,Torrential Rain,1.0,3206,105.414,26.8709,Low
"Gansu - Gaotai county - Nanhua, Xiaohaizi, Xiangdao",2007-04-19,3,2007,0,5500,Unknown,3.5,"Dam/Levy, break or release",1.0,940,99.8018,39.3328,Low
Yunnan Province - Honghe,2006-10-06,7,2006,16,20000,Unknown,5.2,Torrential Rain,1.0,24766,102.644,23.3406,Medium
Gansu Province - Luqu county -Shuangcha. Zhuoni county,2006-08-30,2,2006,15,0,Unknown,4.5,Torrential Rain,1.0,16922,102.682,34.6955,Medium
"Zhejiang Province: Wenzhou, Mazhan; Fujian Province: Fuding; Jiangxi Province: Nanchang, Fuzhou",2006-08-09,4,2006,441,1600000,312500000,5.9,Tropical Cyclone,1.0,191443,118.558,26.2746,Medium
Yunnan Province - Hani-Yi Autonomous Prefecture of Honghe - Mengzi County: Lengquan Township,2006-07-20,2,2006,18,0,Unknown,3.5,Torrential Rain,1.0,1666,102.175,24.6625,Low
Ningxia Hui Autonomous Region - Shizuishan,2006-07-14,4,2006,1,1200,Unknown,3.8,Torrential Rain,1.0,1726,106.588,39.0355,Low
Heilongjiang Province - Yichun city,2006-07-11,3,2006,0,4000,Unknown,3.6,Torrential Rain,1.0,1391,128.901,47.7334,Low
Guangxi Zhuang - cities: Qinzhou and Yulin,2006-07-07,5,2006,8,130000,31000000,5.0,Torrential Rain,1.0,20117,109.4,22.3477,Medium
Gansu Province - Qingxi Oil Field in Yumen City. Chifeng city,2006-07-06,12,2006,24,50,25000000,5.3,Torrential Rain,1.0,16831,99.1252,39.4326,Medium
"Xinjiang - Altay region - Gongliu County, Prefecture of Ili, Ku'erte Region. Turpan city. Houshan area",2006-07-02,4,2006,20,16,Unknown,5.7,Torrential Rain,1.0,138195,83.7675,43.3175,Medium
Liaoning Province - Huludao City,2006-06-30,2,2006,8,0,Unknown,1.8,Torrential Rain,1.0,32,120.959,40.7049,Low
"Anhui Province - Sixian, Xiaoxian and Fengyang counties. Chuzhou, Suzhou, Bengbu, Huaibei, Bozhou and FuyangHenan Province - Yuzhou CityJiangsu Province - ",2006-06-28,9,2006,30,44400,2500000,5.6,Torrential Rain,1.0,43706,117.034,34.0401,Medium
"Yunnan province - Zhenxiong county, ZhaotongSichuan province - Gulin County, Luzhou CityGuizhou province - Jiebi prefecture and Zunyi county",2006-06-28,11,2006,50,10000,10400000,6.1,Torrential Rain,1.0,109599,105.73,28.4708,Medium
"Guizhou province - counties: Sandu, Rongjiang",2006-06-25,2,2006,4,5000,6500000,4.4,Torrential Rain,1.0,11362,108.449,26.0133,Medium
"Hunan province - Longhui county - cities: Shaoyang, Huaihua, Loudi, Zhangjiajie, Xiangxi and Qingshan'ao Village",2006-06-25,2,2006,25,123000,Unknown,4.8,Torrential Rain,1.0,34991,111.06,27.0606,Medium
Fujian Province - Yongding county,2006-06-17,3,2006,2,5000,Unknown,4.4,Torrential Rain,1.0,7858,116.866,24.7288,Medium
"Hunan province - Chenzhou, Zhuzhou and Loudi cities",2006-06-13,4,2006,2,50000,Unknown,5.4,Torrential Rain,1.0,58065,112.754,26.1963,Medium
"Guizhou province - counties: Wangmo, Luodian. Qianxi'nan Bouyei, Miao. Wangmo town.",2006-06-12,5,2006,52,5900,130000000,4.8,Torrential Rain,1.0,11678,106.512,25.506,Medium
"Guangxi - Wuzhou, Baise",2006-06-08,8,2006,21,195500,2625000,4.5,Torrential Rain,1.0,4210,111.38,23.4205,Medium
"Southeastern ChinaFujian Province - central and northern areas - Changting county. Nanping.Guangdong province - Pearl River Delta,  Taishan cityJiangxi province - ",2006-05-30,11,2006,57,356000,393000000,6.2,Torrential Rain,2.0,76601,118.574,26.7522,Medium
Hubei Province,2006-05-24,8,2006,3,350000,Unknown,5.9,Torrential Rain,1.0,107431,112.9,30.9231,Medium
"Southeastern Provinces - Fujian, Guangdong (Shantou City)",2006-05-18,5,2006,23,1030000,475000000,5.8,Tropical Cyclone,1.0,141404,118.77,25.9707,Medium
Guizhou Province,2006-04-21,25,2006,22,36900,36000000,6.6,Torrential Rain,1.0,175249,106.58,26.9221,High
 Xinjiang Uygur Autonomous Region - Yili Prefecture,2006-02-16,8,2006,0,3000,800000,5.8,Snowmelt,1.0,76506,87.2118,40.658,Medium
Shaanxi Province - 11 counties and districts of Weinan city.,2005-10-03,4,2005,16,359000,60490000,4.7,Torrential Rain,1.0,12375,109.084,34.5073,Medium
Fujian Province - Fuzhou area. ,2005-10-02,5,2005,95,0,148000000,4.8,Tropical Cyclone,1.0,13902,119.21,25.9561,Medium
"Hubei Province - ShiyanShaanxi Province - Xixinag county,  Hanzhong city and 11 surrounding counties",2005-09-29,8,2005,2,24000,Unknown,5.4,Torrential Rain,1.0,29516,109.423,32.8686,Medium
"Southern China -Gunagdong province: Zhanjiang cityHainan Island: Wanning City, HaikouNorthern Vietnam -Yen Bai (Cat Thinh in Van Chan district, Tram Tau, Nghia Lo), Nghe An, Phu Tho, Hoa Binh and Lao Cai. Thanh Hoa, Nam Dinh.Northern Thailand - Lampang (Chae Hom, Muang Pan, Lampang city, Thoen), Chiang Mai (Saraphee, Chiang Dao, Mae Taeng, Fang, Muang), Chiang Rai (Muang, Wiang Pa Pao,  Mae Suay), Phayao, Mae Hong Son and Phrae (Long). Yasothon (Mahachanachai), Ubon Ratchathani",2005-09-26,11,2005,104,470000,1500000000,7.0,Tropical Cyclone,2.0,491950,110.083,19.2402,High
"Zhejiang province - Qinglin near Ningbo. Taizhou, Wehshou.Shanghai areaJiangsu province - Suzhou and Wuxi",2005-09-11,3,2005,16,1350000,849000000,5.4,Tropical Cyclone,1.0,84372,120.242,30.3681,Medium
"Hubei Province - Shiyan, Xiangfan and Suizhou. Danjiangkou.",2005-08-14,23,2005,28,14500,Unknown,6.0,Torrential Rain,1.0,43676,112.263,32.0585,Medium
"Liaoning Province - Tieling, Fushun, Shenyang, Benxi, Jinzhou, Huludao and Chaoyang. Qingyuan countyJilin Province - ",2005-08-13,8,2005,15,206000,913000000,5.8,Torrential Rain,1.0,85856,123.07,41.8583,Medium
"Xinjiang - Taklamakan Desert, Ruoqiang county. Urumqi",2005-08-05,10,2005,7,230000,Unknown,6.9,Torrential Rain,1.0,855819,81.8645,39.8858,High
Yunnan Province - Xiaocaoba township in Yiliang county,2005-07-21,2,2005,16,0,560000,2.9,"Dam/Levy, break or release",1.0,395,104.262,27.7023,Low
Anhui Province -,2005-07-10,9,2005,0,0,48000000,6.0,Torrential Rain,1.0,101854,115.76,32.6055,Medium
"Jilin Province - Jilin city and surrounding villages.Heilongjiang Province - Hegang and Yichun. Daqing area, Qiqihar area, Harbin area.",2005-07-01,43,2005,5,1500,271000000,7.1,Torrential Rain,1.0,275029,125.501,44.5627,High
"Sichuan Province - Dazhou, Bazhong, Guangan, Nanchong, Yibin, Luzhou and Ganzi. Luding county, Chuni village. Meishan, Chengdu, Deyang, Ya'an, Leshan and Yibing. Dazhu.",2005-06-28,22,2005,65,428000,2700000,6.2,Torrential Rain,1.0,69402,103.519,30.6766,Medium
"Guangxi Zhuang Autonomous Region - central and northern areas: Wuzhou, Zhaoping (Beituo, Jiulong, and Fuluo), Yongfu, Yangshuo, Pingle, Changzhou, Wanxiu,  Xincheng, Liuzhou, Hechi, Hezhou. Shaoping county. Jiulong. Xiangzhou county.Guangdong province - Longmen region. Heyuan, Shaoguan, Huizhou and Zhaoqing. Foshan and ShaoqingGuizhou province - counties: Weining, Wuchuan, Songtao",2005-06-19,12,2005,200,1500000,852000000,6.7,Torrential Rain,2.0,226558,111.322,23.5449,High
"Fujian Province - Nanping City,  Dongfeng Town of Jian'ou City. Shunchang county. Sanming, Ningde, Fuzhou and Longyan",2005-06-17,9,2005,19,210000,180700000,6.2,Torrential Rain,2.0,93628,117.773,26.6914,Medium
Heilongjiang province - Shalan Township. Ningan city,2005-06-10,3,2005,117,400,Unknown,4.1,Torrential Rain,2.0,2332,129.266,44.3196,Medium
"Hunan Province - counties: Xinshao, Anhua, Xinhua. Cities: Shaoyang, Loudi, Lianyuan, Yiyang, Chenzhou. Xiangxi Tu and Miao Autonomous Prefecture. Sichuan Province - Qijiang county in southwestern Chongqing municipality.Guizhou Province - ",2005-05-30,12,2005,160,300000,383000000,6.9,Torrential Rain,1.0,679663,108.103,28.7151,High
Gansu Province - Minxian County,2005-05-28,2,2005,8,0,4600000,3.6,Torrential Rain,1.0,2020,104.121,34.4136,Low
"Northwestern China - Xinjiang Uygur Autonomous Region - Ili Kazak Prefectureeastern Kazakhstan - ",2005-03-11,12,2005,1,3000,Unknown,6.4,Torrential Rain,1.0,220943,78.8332,44.8319,High
"Sichuan Province - Dazhou, Yunyang county.  cities: Nanchong, Bazhong, Mianyang, Guangan, Guangyuan, Yaan and LiangshanChongqing Municipality - Kaixian County. Cities: Kaixian, Wanzhou, Yunyang, Wuxi, Chengkou, Bishan, Yubei, Beibei, Hechuang and Qijiang ",2004-09-03,7,2004,196,500000,470000000,6.0,Torrential Rain,2.0,72283,108.196,30.5736,Medium
Zhejiang - Taizhou City. Yueqing  area. Leqing,2004-08-12,4,2004,164,30000,2200000000,4.8,Tropical Cyclone,1.0,16657,120.833,28.418,Medium
"Inner Mongolia region - Bayan Nur city, Delingshan area. Districts: Urad Middle Banner and Urad Front Banner",2004-08-02,2,2004,8,0,Unknown,4.6,Torrential Rain,1.0,19410,107.649,41.176,Medium
"Northeastern China - Liaoning Province - Jianping, Chaoyang, JianchangJilin Provinces and Inner Mongolia Autonomous Region Province",2004-07-12,19,2004,11,0,Unknown,6.3,Torrential Rain,1.0,106552,123.994,42.9703,Medium
"Hunan Province - Chenxi County. prefectures: Huaihua, Xiangxi, Changde, Yiyang, Zhangjiajie and Yueyang.  Huaihua city. ",2004-07-17,14,2004,2,135000,51200000,6.4,Torrential Rain,2.0,86023,110.829,27.8758,High
"Henan Province - counties: Wuyang. Luohe, Nanyang and PingdingshanAnhui Province - Dangshan county.",2004-07-16,15,2004,0,150000,Unknown,5.9,Torrential Rain,1.0,52796,114.77,33.4219,Medium
"Southern ChinaGuangxi Province - Binyang County. Wuzhou, Nanning area.Guangdong Province - Shantou , Puning , Leizhou and Shunde. Maoming",2004-07-14,14,2004,24,82000,Unknown,6.3,Torrential Rain,1.0,156995,110.433,24.0014,Medium
"Southwestern China - Yunnan ProvinceCounties: Yingjiang, Longchuan, Lushui, Huize, Zhina. Dehong Prefecture. Tenchong.Lisu Autonomous Prefecture of Nujiang. Pianma Town. Baoshan City",2004-07-04,20,2004,35,26000,Unknown,6.0,Torrential Rain,1.0,44796,98.8899,26.1245,Medium
"Sichuan Province - Xingwen County, Yibin city",2004-06-28,3,2004,15,0,Unknown,4.7,Torrential Rain,1.0,14994,104.834,28.8637,Medium
"Hunan Province - Huaihua, Yiyang,  Xiangxi, Changsha , Loudi, Hengyang , Yueyang areas.",2004-06-20,6,2004,27,168000,360000000,5.7,Torrential Rain,1.0,92247,111.683,28.0894,Medium
"Guizhou Province - counties: Shuicheng, Fenggang. Liupanshui City",2004-06-14,3,2004,2,0,Unknown,5.2,Torrential Rain,1.0,47477,106.151,27.1983,Medium
"Guizhou Province - Miao-Dong Autonomous Prefecture of Qiandongnan, Luodian and Guiding counties",2004-06-05,2,2004,3,0,Unknown,4.3,Torrential Rain,1.0,9845,106.888,25.9751,Medium
Xinjiang Uygur Autonomous Region - Habahe County,2004-05-31,2,2004,4,0,Unknown,3.7,Torrential Rain,1.0,2442,86.2589,47.8637,Low
Hubei Province - Enshi City area,2004-05-27,2,2004,18,0,Unknown,2.4,"Dam/Levy, break or release",1.0,114,109.474,30.2851,Low
Jiangxi Province - 51 counties in the north of the province. Le'an River Valley.,2004-05-13,5,2004,7,0,53500000,4.7,Torrential Rain,1.0,10939,117.428,29.1622,Medium
Southeastern China - Fujian Province - Yongtai County - towns of Songkou and Changqing,2003-09-20,3,2003,13,8000,9640000,3.8,Torrential Rain,1.0,2292,118.581,25.7276,Low
"Sichuan Province - Shimian County, Xieluo Township. Cities: Ya'an, Ziyang. Danba county",2003-08-26,5,2003,17,0,Unknown,4.5,Torrential Rain,1.0,6155,103.018,30.0316,Medium
"Northwest China: Shaanxi Province - Counties: Huaxian, Ningshan, Xunyang, Luonan. Towns: Weinan and surroundings, Yongquan, Shangluo, Baoji, Tongchuan, Ankang, Huayin. Baoji,  Xianyang, Chengcheng.Gansu Province - Qingyang, Pingliang, Wuwei, Tianshui, Dingxi and Longnan.  Qingyang CityHenan Province - dike breach in Lankao County.Hubei Province - Yunxi CountyInner Mongolia - Urad Qianqi regionShandong Province - Dongming County",2003-08-24,81,2003,123,670000,240000000,7.9,Torrential Rain,2.0,471060,107.985,35.6812,High
"Southern China - Hainan - Haikou cityGuangxi - Beihai cityGuangdong - Northern Vietnam - Quang Ninh province",2003-08-25,2,2003,3,0,Unknown,4.7,Tropical Cyclone,1.0,27219,110.266,21.1505,Medium
"Tibet and surrounding areas.Qinghai province - Nangchen county, Kyegudo town in Yushu Prefecture.",2003-08-01,25,2003,1,600,Unknown,6.9,Torrential Rain,1.0,323815,94.3294,32.3393,High
Shanxi and Shaanxi provinces - Fugu area.,2003-07-30,3,2003,2,0,Unknown,4.5,Torrential Rain,1.0,9891,111.067,39.043,Medium
"Northeast China - Western Heilongjiang Province. Counties: Gannan, Yi'an and four others",2003-07-27,76,2003,0,1000,6890000,7.2,Torrential Rain,1.0,215590,124.702,47.944,High
"South China - Guangdong Province - cities: Yangjiang, Luoding, Zhanjiang, MaomingGuangxi Province - Northern Hainan Island - Haikou, Wenshan.",2003-07-23,3,2003,14,30000,Unknown,5.2,Tropical Cyclone,1.0,50628,110.141,21.2109,Medium
"Northwest China - Xinjiang Uygur Autonomous Region - Tianshan Mountain area, Kazak Autonomous County Barkol.",2003-07-12,4,2003,1,0,Unknown,5.6,Torrential Rain,1.0,103777,92.8839,43.1637,Medium
"Eastern ChinaAnhui Province - counties: Funan, Huoqiu, Yingshang, Chuxian.  - Wangjiaba, Mengwa, Bengbu.Henan Province - counties: Xixian, Xuyi. Jiangsu Province - Huaiyuan City. Hongze Lake area.",2003-07-01,38,2003,18,1600000,400000000,7.0,Torrential Rain,2.0,126534,115.718,32.5166,High
"Eastern, central and southern China - Yangtze basinZhejiang Province - Jinyun County - Lishui city. Jiangxi  Province - Xinjian county. Nanchang. Northern areas.Sichuan Province - Chongqing, Ganzi, Aba, Guangyuan, Bazhong, Danba.Jiangsu Province - Nanjing areaHunan Province - Huaihua, ZhangjiajieHubei Province - Zigui, Wuhan area.Shaanxi Province - Ningqiang County, Shaanxi Guangxi Province - Guizhou Province - Xishui districtGansu Province - Zhang County",2003-06-23,36,2003,430,1500000,725000000,7.7,Torrential Rain,1.0,1540349,118.401,28.831,High
"Central China - Hubei and Sichuan ProvincesYichang, Sandouping - Three Gorges Dam filling reservoir from Yichang to Fengdu in Chongqing Municipality",2003-06-01,14,2003,0,0,Unknown,5.1,"Dam/Levy, break or release",1.0,9132,110.741,30.9182,Medium
"Northwest China - Xinjiang Uighur Autonomous Region - Ili River valley. Counties:  Nilka, Gongliu, Tekes.",2003-06-05,3,2003,28,0,Unknown,5.1,Torrential Rain,1.0,44616,82.5109,43.7754,Medium
"Southern China - Guangdong province - Meizhou, Heyuan and Shaoguan cities.Southern Hunan province - Linwu county. Chansha, Henyang. Huaihua. Jiangxi province - Jian city. Ganzhou. Guangchang county. Fujian province - Sanming City. Jiangle County.",2003-05-15,7,2003,83,18000,135000000,6.3,Torrential Rain,1.0,317905,114.939,26.5695,Medium
"Guangdong province - Shaoguan city, Lechang district, Ruyuan county ",2002-10-28,6,2002,0,50000,Unknown,4.7,Torrential Rain,1.0,7741,113.385,24.2694,Medium
Xinjiang Uighur Autonomous Region - Kashi Prefecture. Gez River. Manas River   ,2002-08-15,5,2002,0,0,Unknown,5.2,Torrential Rain,2.0,17448,75.4151,39.7325,Medium
Yunnan Province - Xinping County. Xiaowan Hydropower Station on Lanchang River. Yanjin.  floods and landslides in 14 districts.,2002-08-14,7,2002,106,13000,4200000,5.1,Torrential Rain,1.0,17267,99.4409,25.5714,Medium
"Jiangxi Province - 10 counties. Gang RiverZhejiang Province - Jinhua, Quzhou and Lishui regions. Quzhou City.  ",2002-08-13,5,2002,21,0,22000000,5.1,Torrential Rain,1.0,28018,119.44,28.8575,Medium
Sichuan Province - Chengdu city.,2002-08-08,6,2002,5,0,12000000,3.5,Torrential Rain,1.0,522,104.103,30.6894,Low
"Hunan province -  Dongting Lake area. Chenzhou city. Anren county. Cities: Hengyang, Yongzhou, Zhuzhou, Changsha, Chenglingji, Yueyang, Yangliuyuan. Rivers: Zishui,  Xiangjiang, Yangtze, Xinqiang.",2002-08-06,23,2002,124,270000,2200000000,6.3,Torrential Rain,1.0,94511,112.817,26.7781,Medium
"Guangdong province - Wuhua county in Meizhou city. Cities: Shaoguan, Lianzhou. Beijiang river ",2002-08-05,8,2002,10,1500,Unknown,4.2,Torrential Rain,1.0,2120,116.272,24.4607,Medium
Gansu Province - Dingxi County. ,2002-08-04,2,2002,28,0,Unknown,4.0,Torrential Rain,1.0,5174,104.559,35.6268,Low
"Southern Liaoning province - cities of Anshan, Yingkou and Dashiqiao.",2002-08-03,4,2002,2,0,Unknown,4.4,Torrential Rain,1.0,6075,122.641,40.974,Medium
"Xinjiang Uygur Autonomous Region - Counties: Baicheng, Jeminay. Altai, Hotan, Aksu, Ili. ",2002-07-21,9,2002,15,10000,38600000,6.4,Torrential Rain,2.0,127556,89.0049,46.3429,High
Shaanxi Province - Zichang and Qingjian counties.,2002-07-04,4,2002,5,0,Unknown,4.3,Torrential Rain,1.0,4728,109.831,37.0417,Medium
"Guangxi Zhuang Autonomous Region -  Cities: Liuzhou, Guilin, Dongxing, Hezhou.Western Guangdong province - Xijiang and Beijiang Rivers and tributaries.Yunnan province - Tonghai county.",2002-06-29,8,2002,11,80000,Unknown,6.2,Torrential Rain,1.0,179044,110.702,25.0185,Medium
"Hunan Province - Yangtze River, Dongting Lake, Xiangjiang River valley.Yangtze River in Hubei, Anhui and Jiangsu Provinces.July 5 - Lower reaches of Yangtze above danger mark",2002-06-30,14,2002,0,0,Unknown,6.9,Torrential Rain,1.0,598178,115.253,29.6633,High
"Southern Shaanxi Province - Counties: Zhenba, Xixiang and Ningshan.",2002-06-21,5,2002,0,0,Unknown,5.1,Torrential Rain,1.0,22455,107.99,33.0246,Medium
"Guangxi Zhuang Autonomous Region -  Counties: Yongfu, Xing'an. Gulin City,  Lijiang River",2002-06-14,9,2002,0,8000,200000000,5.6,Torrential Rain,2.0,20154,110.574,25.3411,Medium
"Jiangxi Province - Fuzhou City, Fuhe River",2002-06-13,12,2002,24,150000,Unknown,5.2,Torrential Rain,1.0,13634,116.52,27.8524,Medium
"Hunan Province - 148 townships in 10 counties. Cities:  Chenzhou, Yongzhou, Zhuahou, Zhangjiajie, Hengyang. Rivers:  Xiangjiang, Zishui, Yuanjiang and Lishui, Dongting Lake. Yangtze RiverSichuan province - Chongqing municipality. Cities: Nanchong and Suining.  ",2002-06-15,10,2002,53,32000,50740000,6.1,Torrential Rain,1.0,130291,111.824,28.0222,Medium
"Fujian Province - Counties:  Minqing, Jianning. Towns: Fuzhou, Sanming, Junkou . Minjiang River and its tributaries Jinxi, Shaxi and Futunxi.  ",2002-06-12,8,2002,11,0,12000000,5.9,Torrential Rain,2.0,50532,118.078,26.5167,Medium
"Shaanxi Province -Counties:  Foping, Ningshan, Changan, Yangxian, Shiquan, HingshanCities:  Xian Rivers:  Hanjiang, Ziwu, Xun Sichaun Province - Chongqing Municipality Cities:  Suining, Hanzhong, NanchongRivers: Yangtze, JialinjiangGuizhou Province -Hubei Province -",2002-06-08,11,2002,326,300000,400000000,6.7,Torrential Rain,2.0,252147,108.51,33.2088,High
Xinjiang Uygur Autonomous Region - Toksun County in Turpan Prefecture. Ili district. Toli County. Nilka County in western Xinjiang.,2002-05-23,31,2002,22,0,50000000,6.9,Torrential Rain,2.0,124885,82.5486,43.3672,High
Hunan Province - Yangtze River,2002-05-22,8,2002,0,0,943000000,6.1,Torrential Rain,1.0,156149,111.889,27.3326,Medium
Xinjiang Region -  leak in Xiker reservoir floods several villages in southern part of region.,2002-03-10,3,2002,0,0,Unknown,3.5,"Dam/Levy, break or release",1.0,1017,77.3556,39.6906,Low
City of Wuhai in western Inner Mongolia Autonomous Region - ice flood on the Yellow River ,2001-12-17,2,2001,0,4000,Unknown,4.5,Ice jam/break-up,1.0,17366,108.573,40.7369,Medium
"Sichuan Province - cities: Jinyang,, Deyang, Mianyang ",2001-09-19,4,2001,25,100000,240000000,4.8,Torrential Rain,1.0,14700,104.595,31.0389,Medium
"Guangdong Province - Zhanjiang City area - 125 villages have been besieged by flood waters. Maoming, Wuchuan, Lianjiang. Hainan Province -  ""most of the regions of the island province"" including Changjiang County. Guangxi Province -",2001-08-28,13,2001,4,50000,24000000,5.3,Tropical Cyclone,1.0,14470,109.503,19.39,Medium
Yunnan Province - Funing county in Wenshan Zhuang and Miao Autonomous Prefecture. Funing town. Puting River.,2001-08-25,1,2001,15,2000,Unknown,3.7,Torrential Rain,1.0,5570,106.122,23.6726,Low
"Guangdong Province - Shaoguan city area, cities of Chaozhou and Jieyang. Beijiang River. -- Hunan Province - southern area. Chenzhou city",2000-09-01,6,2000,47,46000,169000000,5.2,Torrential Rain,1.0,25899,113.483,25.2293,Medium
Tibet Autonomous Region - Counties: Gyangze and Bainang. Xigaze City. Nyangqu River,2000-08-28,9,2000,0,1300,Unknown,4.9,Torrential Rain,1.0,9210,89.3845,28.9955,Medium
"China - Jiangsu Province - Northern coastal area, Xiangshui County. -- Russia - Primorye region - 11 districts in the southern and central parts of the Maritime Territory as well as the cities of Nakhodka, Ussuriisk, and Spassk-Dalny. Vladivostok area. (hit by Typhoon Prapiraoon on Sept 1) -- North and South Korea - Imjin River",2000-08-30,12,2000,31,14140,1000000,6.0,Tropical Cyclone,1.0,81863,132.058,43.7739,Medium
Gansu Province - Counties: Dangchang and Minxian ; district of Longnan; River: Minjiang. -- Sichuan Province - Counties: Gulin and Xuyong. -- Guizhou Province - town and county of Duyun,2000-05-31,20,2000,94,8725,81500000,6.7,Torrential Rain,2.0,114035,105.491,32.3632,High
"Hong Kong, rural New TerritoriesGuangdong Province - Guangzhou cityFujian Province - Xiamen, Zhangzhou, Quanzhou, Putian, Fuzhou",1999-09-15,4,1999,8,10000,24000000,5.9,Tropical Cyclone,1.0,177650,116.022,24.975,Medium
"Zhejiang Province - Lishui prefecture: Wenzhou, Taizhou, 1,028 surrounding villagesGuangdong, Jiangxi Provinces also affected",1999-09-06,2,1999,153,720000,277000000,5.4,Torrential Rain,1.0,112209,117.386,27.0353,Medium
"Hong Kong, New Kowloon, and Sham Tseng in New Territories",1999-08-21,5,1999,1,352,Unknown,5.7,Torrential Rain,1.0,111159,113.711,23.4891,Medium
Hunan Province - Chenzhou city ,1999-08-12,5,1999,77,120000,181000000,5.7,Torrential Rain,1.0,104528,111.384,27.0564,Medium
"Quinghai Province - Ping'an, Huzhu, Minhe",1999-08-04,4,1999,8,24000,20500000,5.8,Torrential Rain,1.0,147169,98.9663,30.4623,Medium
Ningxia Hui autonomous region - Yanchi County,1999-07-13,3,1999,2,0,3900000,5.0,Torrential Rain,1.0,35711,105.127,36.4956,Medium
"Provinces - Hubei, Anhui, Jiangxi, Zhejiang, Hunan, Henan, Sichuan, Yunnan, Guangxi",1999-06-23,42,1999,725,5530000,8000000000,7.2,Torrential Rain,1.0,362133,111.673,28.5161,High
"Sichuan Province: Chengdu city, 23 counties",1999-04-25,66,1999,49,830000,24200000,6.9,Torrential Rain,1.0,123894,103.202,28.1269,High
Qinghai province - 15 counties,1999-06-12,8,1999,27,100000,60404.711567502265,5.9,Torrential Rain,1.0,97849,95.886,34.8414,Medium
"Provinces - Fujian, Jiangxi, Zhejiang: Cities of Nanping, Sanming, Ningde, Longyan, Hangzhou",1999-05-26,29,1999,11,0,Unknown,6.3,Torrential Rain,1.0,73327,116.149,27.9323,Medium
"Hunan Province - ChangshaJiangxi Province - 19 villages",1999-05-18,4,1999,3,69200,Unknown,5.6,Torrential Rain,1.0,100713,111.865,31.4841,Medium
"Provinces - Heilongjiang, Inner Mongolia, Liaoning - Harbin, Qigihaer, Dorbenxin, Akso, Dorbod, Xingzhan, Guqia",1998-08-08,38,1998,89,2160000,964000000,7.7,Torrential Rain,2.0,620830,123.35,46.5755,High
"Hunan Province - Wuhan, Changsha",1998-06-12,16,1998,40,400000,481000000,6.7,Torrential Rain,2.0,170585,113.649,28.3755,High
"Provinces - Fujian, Zhejiang - Minqing, Minhou, Nanping, Qiantang, Minjiang",1998-06-12,14,1998,126,750000,210000000000,6.2,Torrential Rain,2.0,54190,119.82,27.6882,Medium
"Jiangxi Province - Jiujiang, Jingdezhen",1998-06-12,28,1998,51,434500,240000000,6.3,Torrential Rain,2.0,36417,117.451,28.8404,Medium
Sichuan Province - Chongqing,1998-06-18,2,1998,27,0,Unknown,4.8,Torrential Rain,1.0,29725,105.422,29.6288,Medium
Guangxi Province - Guilin ,1998-06-15,14,1998,66,500000,221700000,5.9,Torrential Rain,2.0,26915,109.874,24.8178,Medium
"Guangdong Province - Yangjiang, Shaogun",1998-06-25,12,1998,180,150000,205000000,6.0,Torrential Rain,2.0,41223,112.868,23.1199,Medium
"Provinces - Hubei, Anhui - Zianning, Huanggan, Huangshi, Yichang, Jinshou, Xining, Tunxi, Jixi, Huangshan, Chizhou, Anqing, Xuancheng, Tongling",1998-06-18,26,1998,164,370000,Unknown,6.9,Torrential Rain,1.0,305479,114.847,30.3363,High
"Sichuan Province - Chongqing, Chendu, Luzhou, Nonchong, Guangyuan, Yanbain",1998-06-27,17,1998,170,240000,312500000,6.6,Torrential Rain,1.0,235631,102.714,28.9415,High
Shanxi Province,1998-07-04,17,1998,113,90000,Unknown,6.1,Torrential Rain,1.0,72123,111.905,36.6228,Medium
"Provinces - Hubei, Hunan, Jiangxi - Chenglingli, Wuhan, Jiujiang, Yichang, Jiayu, Shashi, Changde, Jiujiang, Jiangzhou, Jingzhou, Li, Huarong",1998-07-17,20,1998,345,3120000,1310000000,7.2,Torrential Rain,2.0,367328,112.799,29.3931,High
"Provinces - Hubei, Hunan, Jiangxi",1998-08-05,34,1998,575,1115000,3710000000,7.3,Torrential Rain,2.0,292972,112.322,28.8202,High
"Provinces - Sichaun, Guizhou - Chongqing, Jiangjin, Nanchuan, Fengdu, Wuxi",1998-08-03,5,1998,90,0,Unknown,5.8,Torrential Rain,1.0,133217,106.413,28.2752,Medium
"Sichuan Province - Chongqing, Ziyang, Guangyang",1998-08-19,11,1998,19,0,Unknown,5.6,Torrential Rain,1.0,35148,105.065,28.6274,Medium
northern rural New Territories,1998-06-09,4,1998,1,24,Unknown,4.4,Torrential Rain,1.0,5843,114.339,22.6488,Medium
"Provinces - Guangdong, Guangxi",1998-05-24,9,1998,15,1300,34700000,6.2,Torrential Rain,1.0,164944,112.446,23.4359,Medium
"Hunan Province - Changsha, Loudi, Shaoyang",1998-05-20,6,1998,58,106000,247000000,5.9,Torrential Rain,2.0,70343,112.018,26.7131,Medium
Sichuan Province,1998-05-20,5,1998,10,20000,18000000,6.0,Torrential Rain,1.0,216145,104.391,30.0976,Medium
"Hubei Province - Xiangfan, Zaoyang, Nanzhang, Xiangyang, Yunyang, Zhongxiang, Jingshan, Changyang, Yichang, Songzi, Xiantao, Suizhou",1998-05-20,6,1998,8,15000,Unknown,6.0,Torrential Rain,1.0,149532,113.059,31.1389,Medium
"Gansu Province - Yongdeng County, Gaolan County, Ningxia",1998-05-20,2,1998,37,3600,14400000,5.0,Torrential Rain,1.0,51481,107.668,36.0394,Medium
"Xinjiang Uygur Autonomous Region - Xinjiang Yili Prefecture - Xinyuan County, Huocheng County",1998-05-16,5,1998,11,508,3600000,6.0,Torrential Rain,1.0,178662,83.6735,40.9204,Medium
Fujian province - Nanping city,1998-05-12,6,1998,11,0,48000000,5.6,Torrential Rain,1.0,60529,117.939,25.1204,Medium
"Hunan Province - Xiangxi autonomous prefecture, Jishou city, Huaihua, Loudi, Zhangjiajie, Yiyang, Changde",1998-05-01,5,1998,0,2000,Unknown,5.7,Torrential Rain,1.0,96993,111.459,28.7172,Medium
"Sichuan Province - Dachuan Prefecture - Linshui, Dazhu, Kaijiang, Qu Counties",1998-05-07,7,1998,9,0,Unknown,5.7,Torrential Rain,1.0,79574,108.082,30.511,Medium
"Kennedy Town, Mongkok, Yuen, Long Man, Kam, West Kowloon",1998-04-26,2,1998,0,0,Unknown,4.0,Torrential Rain,1.0,5592,113.915,22.4657,Low
"Provinces - Hunan, Fujian, Changsa, Nanchang, Jiujiang, Jiangxi, Xiangjian",1998-03-06,8,1998,2,130000,Unknown,6.5,Torrential Rain,2.0,199739,113.08,30.3557,High
"Hunan province - Hengyang, Zhuzhou, Chenzhou",1997-09-01,8,1997,63,92000,Unknown,6.0,Torrential Rain,1.0,124671,112.648,27.2307,Medium
Guangxi province - Gongcheng,1997-08-07,8,1997,13,0,Unknown,5.3,Torrential Rain,1.0,25075,110.494,24.9893,Medium
Sichuan Province - Xingwen,1997-07-15,4,1997,48,0,420000,4.9,Torrential Rain,1.0,20184,105.185,28.47,Medium
Gansu Province,1997-07-17,6,1997,19,0,Unknown,6.2,Torrential Rain,2.0,124210,104.42,35.2403,Medium
"Yunnan Province - Nujiang Prefecture, Qujing Prefecture, Jinping county",1997-07-10,21,1997,301,300000,Unknown,5.8,Torrential Rain,1.0,27345,99.4781,26.94,Medium
Kowloon ,1997-06-02,3,1997,1,0,Unknown,3.5,Torrential Rain,1.0,1017,114.213,22.3357,Low
Sichuan Province - Liangshan region,1997-06-06,5,1997,150,0,Unknown,4.7,Torrential Rain,1.0,10074,104.958,31.2078,Medium
"Yunnan Province: Zhaotong Prefecture - Yiliang, Daguan, Yanjin, Zhenxiong",1997-06-03,8,1997,40,0,Unknown,5.4,Torrential Rain,1.0,28999,103.687,26.8739,Medium
"Hunan Province - Changsha, Liuyang",1997-06-08,5,1997,56,383000,2675000000,5.1,Torrential Rain,1.0,25292,113.235,28.2139,Medium
Fujian Province,1997-05-05,7,1997,19,0,9900000,5.7,Torrential Rain,1.0,74261,117.365,25.4892,Medium
Guangxi Province - Beiliu,1997-05-09,5,1997,111,0,Unknown,6.0,Torrential Rain,1.0,183090,109.438,23.8505,Medium
Guangdong Province,1997-05-03,14,1997,135,360000,50000000,6.7,Torrential Rain,2.0,174990,113.348,22.9053,High
"Xinjiang Uygur Autonomous Region - Xinyuan County, Ili Prefecture",1997-01-14,5,1997,21,50400,Unknown,5.5,Snowmelt,1.0,62966,83.1199,43.4361,Medium
"Guangdong Province - Zhanjiang, Maoming, YangjiangHong Kong",1997-08-19,7,1997,345,54000,Unknown,5.6,Tropical Cyclone,1.0,55174,110.884,21.6936,Medium
"Anhui Province - Jinhua City, WenlingZhejiang Province - Taizhou city, Shanghai",1997-08-15,7,1997,56,790000,Unknown,5.7,Tropical Cyclone,1.0,67369,120.262,29.9379,Medium
Tai Po,1997-08-13,3,1997,0,4000,Unknown,3.9,Torrential Rain,2.0,1368,114.116,22.3798,Low
"Provinces - Guangdong, Hong Kong",1997-08-02,6,1997,65,0,Unknown,5.3,Tropical Cyclone,1.0,34586,114.815,22.6192,Medium
"Provinces - Jiangxi, Zhejiang, Guizhou, Guangdong, Guangxi, Fujian",1997-07-06,27,1997,287,200000,Unknown,7.4,Torrential Rain,1.0,832682,115.176,26.0024,High
"Provinces: Guangdong (Liezhou Peninsula), Hainan Island",1996-09-20,12,1996,38,0,100000000,5.6,Tropical Cyclone,1.0,36474,109.807,19.4326,Medium
"Provinces: Fujian, Guangdong",1996-08-06,5,1996,266,100000,200000000,6.1,Torrential Rain,2.0,138167,118.021,25.6245,Medium
"Guangxi Province: Guigang, Guiping, Pingnan, Tengxian, Cangwu, Wuzhou",1996-07-19,7,1996,0,0,Unknown,5.1,Torrential Rain,1.0,17021,111.032,23.3441,Medium
"Provinces: Zhejiang, Anhui",1996-06-30,9,1996,43,271200,450000000,6.6,Torrential Rain,2.0,236745,118.323,30.8939,High
"Maryland, Pennsylvania",1996-06-13,13,1996,340,37770,Unknown,6.8,Torrential Rain,2.0,233546,111.292,25.1596,High
"Central and Eastern Yemen Provinces: Shabwa, Maarib, Abyan, Hadramut, Al-Jawf ",1996-05-30,4,1996,0,22800,1200000000,5.8,Torrential Rain,1.0,150091,115.873,27.3146,Medium
"Provinces: Jilin, Liaoning",1995-07-25,35,1995,123,3000000,Unknown,7.4,Torrential Rain,2.0,325414,125.154,42.5413,High
"Provinces: Sichuan, Hubei",1995-07-05,15,1995,65,25000,Unknown,6.8,Torrential Rain,2.0,231371,108.209,30.1801,High
"Provinces: Jiangxi, Hunan, Hubei, Anhui, Zhejiang, Fujian, Guangxi, Guangdong, Guizhou, Jiangsu",1995-05-15,93,1995,1530,7000000,14400000000,8.5,Torrential Rain,2.0,1668229,112.827,28.2914,High
Guangdong Province,1995-04-20,2,1995,40,300000,Unknown,5.5,Torrential Rain,1.0,169667,113.285,22.8414,Medium
"Shandong Province: Longtan Waterfall, Laoshan Mountains",1994-10-19,2,1994,17,0,Unknown,4.4,Torrential Rain,1.0,13150,117.653,36.1734,Medium
"Zhejiang Province - WenzhouJiangsu Province - Shanghai, Suzhou",1994-08-21,4,1994,762,600000,1260000000,6.2,Tropical Cyclone,2.0,206025,120.692,31.1521,Medium
"Hong Kong, Southern Guangdong Province",1994-08-06,5,1994,14,0,Unknown,4.3,Tropical Cyclone,1.0,3849,114.207,22.5094,Medium
"Provinces: Heilongjiang, Jilin, Liaoning, Inner Mongolia Northern autonomous region",1994-07-23,22,1994,128,2000000,1500000000,7.7,Torrential Rain,2.0,1066165,125.126,46.1544,High
"Macau, Hong Kong - Zhuhai, Shenzhen",1994-07-22,6,1994,10,2000,Unknown,4.6,Torrential Rain,2.0,2987,114.116,22.4405,Medium
Hubei Province,1994-07-11,8,1994,41,0,95000000,6.2,Torrential Rain,1.0,183806,112.268,31.1973,Medium
"Provinces: Guangdong, Guangxi, Hunan, Jiangxi, Fujian, Zhejiang",1994-06-09,21,1994,719,0,3500000000,7.6,Torrential Rain,2.0,1015419,113.189,25.7177,High
"Fujian Province - Sanming, Nanping, Longyan, Putian, Quanzhou, Fuzhou",1994-05-01,9,1994,70,2000,Unknown,6.3,Torrential Rain,2.0,121675,118.128,25.9398,Medium
Jiangxi Province ,1994-05-01,3,1994,95,0,161000000,5.7,Torrential Rain,1.0,165721,116.038,27.2874,Medium
"Kowloon, New Territories, Lantau Island, Hong Kong Island ",1993-11-04,12,1993,2,0,Unknown,4.1,Tropical Cyclone,1.0,1016,114.142,22.4214,Medium
"Northern part of the New Territories -Villages: Sik Wu, Tin Ping and Siu Hang. Shenzhen River",1993-09-27,2,1993,0,1200,Unknown,3.0,Torrential Rain,2.0,280,114.167,22.5233,Low
Qinghai Province - Gonghe County in Hainan Tibet Autonomous Prefecture. Dam burst at Gouhou reservoir,1993-08-27,1,1993,242,3000,26000000,3.8,"Dam/Levy, break or release",1.0,6844,100.265,36.1271,Low
Yunnan Province -  ,1993-08-21,12,1993,152,21000,78000000,6.0,Torrential Rain,1.0,77049,101.704,24.4756,Medium
"Shandong Province - 28 counties including: Linyi, Tengzhou, Dingtao. -- Jiangsu Province - Suzhou,Wuxi and Changzhou. Wujiang city. Rivers: Wujiang, Wuxian, Kunshan, Yangtze and Xinyihe. -- Zhejiang Province - 60 towns and 300 villages were flooded",1993-08-04,20,1993,101,2577000,121000000,6.4,Torrential Rain,1.0,112505,115.918,36.4802,High
"Sichuan Province - Leshan city, Leshan prefecture. Emeishan city, Mount Emei area",1993-07-27,6,1993,41,7000,27000000,4.8,Torrential Rain,1.0,9596,103.653,29.7518,Medium
"Zhejiang Province - floods in more than one third of the province. -- Jiangxi Province - washed out farmland in 36 counties. -- Hunan Province - Yiyang, Changde, Yueyang and Changsha areas. Jingzhou and Tongdao counties. Xiangjiang River. -- Fujian Province - northern section. -- Anhui Province. -- Rivers: Upper reaches of the Qiantang, Minjiang, Wujiang and Yuanjiang rivers; tributaries of the Pearl river; Ganjiang and Xiangjiang rivers, two tributaries of the Yangtze",1993-06-15,24,1993,132,375000,860000000,7.0,Torrential Rain,1.0,432773,117.867,27.9846,High
"Provinces - Zhejiang, Fujian, Shanghai",1992-08-29,5,1992,168,5000000,350000000,5.9,Torrential Rain,1.0,166182,119.806,27.8313,Medium
"Guangdong Province - Chaoshan Area (Shantou, Jieyang, Chaozhou)",1992-08-16,7,1992,6,0,Unknown,5.4,Tropical Cyclone,1.0,33606,115.901,23.6313,Medium
"Inner Mongolia - Xilamulun He, Hohnut, Wanjia, ShuimoProvinces - Shaanxi, Gansu",1992-08-01,20,1992,111,0,110000000,6.9,Torrential Rain,1.0,432937,105.08,35.8327,High
"Western Guangdong Province - Zhanjiang, Maoming, Yangjiang",1992-07-22,2,1992,1,0,120000000,5.2,Tropical Cyclone,1.0,74669,111.673,22.2644,Medium
Hunan Province - Dongting and Boyang Lakes; Yueyang,1992-07-02,20,1992,96,254472,56660000,6.4,Torrential Rain,2.0,65829,112.615,28.5125,High
Guangxi Province - Guilin,1992-07-02,4,1992,0,0,Unknown,5.0,Torrential Rain,2.0,12868,110.295,25.3272,Medium
"Provinces - Fujian, Zhejiang, Jiangxi",1992-06-29,16,1992,228,172000,76000000,7.1,Torrential Rain,2.0,392988,119.18,27.3793,High
"Hong Kong - Kowloon, Kwun tong, Sai Kung, Sha Tin, Tsuen Wan",1992-06-13,3,1992,0,31,Unknown,3.6,Torrential Rain,1.0,1232,114.131,22.3793,Low
"Provinces - Sichuan, Guizhou, Yunnan",1992-06-12,51,1992,93,120000,3700000,7.4,Torrential Rain,1.0,491147,105.471,27.9919,High
Hong Kong,1992-04-01,38,1992,5,3000,Unknown,5.0,Torrential Rain,2.0,1370,114.116,22.3716,Medium
"Provinces - Guizhou, Sichuan",1992-03-15,49,1992,59,0,70000000,7.4,Torrential Rain,1.0,542309,105.41,28.7729,High
"Provinces - Guangdong, Jiangxi, Fujian, Hunan",1992-03-15,40,1992,248,210000,170000000,7.6,Torrential Rain,2.0,545359,113.878,25.1128,High
Provinces - Sichuan,1991-08-09,4,1991,456,0,566000000,6.3,Torrential Rain,1.0,554217,103.821,30.0516,Medium
Shanghai,1991-08-08,2,1991,16,20000,Unknown,3.9,Torrential Rain,1.0,4350,121.424,31.093,Low
"Provinces - Jilin, Heilongjiang, Yanbian Autonomous Region on North Korean Border",1991-07-23,12,1991,66,160000,364000000,6.8,Tropical Cyclone,1.0,508812,126.941,44.8909,High
Eastern Shandong Province,1991-07-19,2,1991,8,0,Unknown,5.3,Torrential Rain,1.0,94812,120.096,36.338,Medium
Northern Hunan Province,1991-07-02,17,1991,101,160000,Unknown,6.4,Torrential Rain,1.0,134660,111.681,28.1527,High
Provinces - Northern Zhejiang - Hangzhou,1991-07-01,9,1991,0,0,300000000,5.5,Torrential Rain,1.0,32703,120.241,30.1818,Medium
"Provinces - Sichuan, Guizhou, Anhui, Hubei",1991-07-01,18,1991,750,615000,3000000000,7.0,Torrential Rain,1.0,589049,106.342,29.1481,High
Beijing area,1991-06-12,3,1991,22,4000,2000000,5.1,Torrential Rain,2.0,19050,116.436,40.2125,Medium
"Provinces - Guizhou, Anhui, Jiangsu, Sichuan, Hunan, Hubei, Gansu, Guangxi",1991-05-18,29,1991,400,600000,75000000000,8.0,Torrential Rain,2.0,1682864,110.256,28.7346,High
"Provinces - Fujian, Zhejiang, Jiangsu, Anhui, Shanghai",1990-08-19,21,1990,559,4041000,1400000000,7.0,Tropical Cyclone,1.0,457815,118.563,29.3795,High
"Provinces - Guangdong, Fujian",1990-07-29,7,1990,108,100800,83000000,6.3,Tropical Cyclone,1.0,292874,115.015,24.2973,Medium
"Provinces - Sichuan, Shaanxi",1990-07-04,16,1990,72,71000,211000000,6.8,Torrential Rain,1.0,438797,106.436,32.2032,High
"Provinces: Fujian, Guangdong, Zhejian",1990-06-23,7,1990,86,0,44000000,6.4,Tropical Cyclone,1.0,377866,117.867,25.6948,High
Yunnan Province,1990-06-18,5,1990,108,4000,Unknown,6.2,Torrential Rain,1.0,340844,101.857,24.7683,Medium
Hunan Province,1990-06-05,28,1990,363,350000,592000000,6.8,Torrential Rain,1.0,206490,111.788,27.4176,High
Hainan Island,1989-10-02,4,1989,31,0,75000,4.9,Tropical Cyclone,1.0,18207,109.987,19.1458,Medium
"Provinces: Fujian, Zhejiang",1989-07-20,10,1989,104,20000,Unknown,6.3,Tropical Cyclone,1.0,215082,119.575,27.3487,Medium
"Sichuan Province - Chongqing City , Nanchong, Daxian, Wanxian, Fuling",1989-07-27,56,1989,3000,0,Unknown,6.6,Torrential Rain,1.0,70236,107.277,30.2798,High
Jilin Province,1989-07-18,9,1989,63,0,54000000,6.2,Torrential Rain,1.0,192272,126.474,43.5586,Medium
Heilongjiang Province - Qiqihar,1989-07-21,11,1989,24,16000,Unknown,5.1,Torrential Rain,1.0,12533,133.028,45.8679,Medium
"Provinces: Zhejiang, Jiangsu",1989-07-20,6,1989,0,0,Unknown,5.7,Tropical Cyclone,1.0,85600,120.795,31.0772,Medium
Anhui Province,1989-07-19,9,1989,3,0,30000000,4.8,Torrential Rain,1.0,7716,116.927,32.3978,Medium
"Qinghai Province - Haibei Tibet Autonomous Prefecture, Xining",1989-07-16,12,1989,107,1413,Unknown,5.0,Torrential Rain,1.0,8440,101.941,36.391,Medium
0,1989-07-10,8,1989,50,48000,Unknown,6.2,Torrential Rain,1.0,207057,106.757,39.1329,Medium
Quangxi Province - Nanning,1989-07-07,14,1989,50,410000,Unknown,5.4,Torrential Rain,1.0,19169,108.437,23.2505,Medium
Sichuan Province,1989-07-11,13,1989,814,0,Unknown,6.6,Torrential Rain,1.0,321489,104.284,30.7561,High
Hunan Province,1989-06-30,21,1989,18,22400,16000000,6.6,Torrential Rain,1.0,178424,111.727,27.5095,High
Hong Kong,1989-07-06,5,1989,1377,0,31250000,3.7,Torrential Rain,1.0,1005,114.154,22.268,Low
Zhejiang Province - Lanxi ,1989-07-03,5,1989,38,30000,Unknown,4.4,Torrential Rain,1.0,4578,119.4,29.0801,Medium
Quangxi Zhuang Autonomous Region: Tian'e County - Yanlai Township,1989-06-21,10,1989,28,0,Unknown,4.9,Torrential Rain,1.0,8667,107.033,24.8295,Medium
Qinghai Province,1989-06-15,16,1989,3,0,670000,6.3,Torrential Rain,1.0,122520,96.0144,34.5846,Medium
Guandong Province,1989-05-21,16,1989,84,1000000,Unknown,6.2,Tropical Cyclone,1.0,90099,113.706,22.8759,Medium
Fujian Province - ,1988-09-20,7,1988,9,51000,1200000,5.8,Tropical Cyclone,1.0,100699,118.345,25.7425,Medium
Zhejiang Province - Hangzhou city. Ningbo and Zhoushan,1988-08-07,2,1988,117,188000,200000000,4.4,Tropical Cyclone,1.0,12334,120.998,30.1638,Medium
"Guangdong Province, Counties:  Haikang, Lianjiang, Suyixi",1985-09-01,4,1985,26,70000,Unknown,4.6,Torrential Rain,1.0,11098,110.542,21.0725,Medium
Guangxi Province,1985-08-30,10,1985,0,200000,Unknown,5.7,Torrential Rain,1.0,49643,109.825,21.6782,Medium
"Hunan Province, Chenzhou Prefecture",1985-08-30,5,1985,147,0,Unknown,5.3,Tropical Cyclone,1.0,38002,111.342,25.3728,Medium
Yunnan Province,1985-08-06,4,1985,283,14000,Unknown,5.8,Torrential Rain,1.0,146691,100.797,23.5255,Medium
"Shanghai, Chongming isla",1985-08-01,2,1985,3,200000,Unknown,5.1,Torrential Rain,1.0,58279,120.376,31.5112,Medium
"Provinces:  Liaoning, Jilin,  Heilongjiang, ShaongRivers: Yalu, Liao, Hun, Taizhi, Liaohe",1985-07-20,45,1985,200,2000000,350000000,8.0,Tropical Cyclone,2.0,994498,125.156,42.6953,High
"Provinces: Guizhou a Sichuan; City: Xichang Rivers: Yangtse, Jinsha",1985-06-28,13,1985,275,60000,Unknown,6.9,Torrential Rain,2.0,290679,109.974,27.7882,High
"Guangxi Autonomous Region, Hunan Province, Guilin",1985-05-26,12,1985,64,10000,Unknown,7.0,Torrential Rain,2.0,458666,109.57,25.6694,High
"Jinshan township of Huma County, Heilongjiang River",1985-04-21,9,1985,0,200,1300000,6.4,Ice jam/break-up,1.0,300325,127.897,48.0917,High
